id,first_name,last_name,email,gender,ip_address
1,Ingram,Lowis,ilowis0@mapy.cz,Male,146.61.72.238
2,Starr,Giraldo,sgiraldo1@free.fr,Female,45.247.245.140
3,Wandis,Clawley,wclawley2@slate.com,Female,153.230.152.43
4,Rosy,Rickardsson,rrickardsson3@xrea.com,Female,128.157.134.107
5,Patrizio,Pepall,ppepall4@sourceforge.net,Polygender,226.179.24.157
6,Nicky,Macia,nmacia5@clickbank.net,Male,117.12.209.128
7,Zack,Juanes,zjuanes6@si.edu,Male,47.249.23.59
8,Fidelity,Rickardes,frickardes7@exblog.jp,Female,190.58.114.24
9,Wallache,Haskins,whaskins8@statcounter.com,Genderfluid,81.86.241.229
10,Brietta,Rockell,brockell9@hhs.gov,Female,231.154.162.105
11,Delmer,Enochsson,denochssona@about.com,Male,214.229.133.151
12,Ramonda,Handman,rhandmanb@moonfruit.com,Female,66.181.215.153
13,Clayson,Monument,cmonumentc@zdnet.com,Male,217.114.238.215
14,Annabelle,Bavester,abavesterd@examiner.com,Female,33.187.74.221
15,Xenos,Berrisford,xberrisforde@forbes.com,Male,28.6.5.206
16,Crissie,Freyne,cfreynef@mozilla.com,Female,136.115.180.178
17,Flem,Leyninye,fleyninyeg@google.fr,Male,206.96.11.212
18,Sheffy,Eaddy,seaddyh@phpbb.com,Male,235.239.49.128
19,Jedidiah,Saurin,jsaurini@youku.com,Male,85.12.183.93
20,Eveleen,Dornin,edorninj@liveinternet.ru,Female,79.251.237.49
21,Mikol,Sherrin,msherrink@furl.net,Male,103.216.131.135
22,Mill,Statham,mstathaml@baidu.com,Male,30.59.206.164
23,Robinetta,McKibbin,rmckibbinm@ftc.gov,Genderqueer,212.85.186.120
24,Frazer,Filippazzo,ffilippazzon@bizjournals.com,Male,28.46.178.152
25,Allard,Daulton,adaultono@usatoday.com,Male,103.112.166.63
26,Gustaf,Jankovic,gjankovicp@ted.com,Male,228.106.64.174
27,Lolly,Fibbens,lfibbensq@github.com,Female,100.104.163.88
28,Rahal,Isitt,risittr@newyorker.com,Female,70.43.107.161
29,Johnette,Grzeszczak,jgrzeszczaks@admin.ch,Female,229.84.128.2
30,Abigael,Albon,aalbont@ucoz.ru,Female,48.86.38.207
31,Allie,D'Hooge,adhoogeu@chronoengine.com,Male,209.138.75.152
32,Bentley,McAmish,bmcamishv@bing.com,Polygender,234.217.76.107
33,Gabey,Stuck,gstuckw@slate.com,Female,100.165.140.253
34,Gerrie,Blacklawe,gblacklawex@last.fm,Female,182.38.226.229
35,Bidget,Thorneloe,bthorneloey@spiegel.de,Female,201.240.125.172
36,Nahum,Searle,nsearlez@netvibes.com,Male,30.102.182.21
37,Morgen,Field,mfield10@sina.com.cn,Male,115.63.79.83
38,Lonnard,O'Callaghan,locallaghan11@bbc.co.uk,Male,61.25.234.189
39,Carmella,Batcheldor,cbatcheldor12@hao123.com,Female,157.91.22.202
40,Aurel,Ferris,aferris13@baidu.com,Female,205.91.191.102
41,Olia,Kilbride,okilbride14@opensource.org,Female,251.96.26.107
42,Sidonnie,Keneleyside,skeneleyside15@upenn.edu,Female,222.230.61.241
43,Toby,Shaddock,tshaddock16@nature.com,Female,66.164.71.150
44,Dur,MacRury,dmacrury17@quantcast.com,Male,83.113.252.42
45,Tiphani,Brennans,tbrennans18@jimdo.com,Female,27.178.70.124
46,Rosa,Garie,rgarie19@cnet.com,Female,200.3.141.46
47,Thebault,Cripin,tcripin1a@guardian.co.uk,Male,232.178.32.111
48,Jacintha,Lorkins,jlorkins1b@weibo.com,Female,25.93.4.217
49,Bryant,Jandel,bjandel1c@reverbnation.com,Genderfluid,68.5.105.140
50,Dannye,Severs,dsevers1d@mozilla.com,Female,250.159.63.60
51,Olivier,Featherstonhalgh,ofeatherstonhalgh1e@pen.io,Male,78.188.217.252
52,Fredrika,Whenman,fwhenman1f@cocolog-nifty.com,Female,119.184.215.191
53,Dix,Falconbridge,dfalconbridge1g@va.gov,Female,132.95.90.24
54,Juliette,Goathrop,jgoathrop1h@homestead.com,Female,243.17.177.48
55,Doro,Greatreax,dgreatreax1i@acquirethisname.com,Female,131.169.251.96
56,Mead,Laise,mlaise1j@biblegateway.com,Male,96.191.183.231
57,Anthia,Dilgarno,adilgarno1k@foxnews.com,Female,21.174.214.4
58,Nate,Sheahan,nsheahan1l@prlog.org,Male,233.69.4.208
59,Philip,Sowersby,psowersby1m@sun.com,Male,20.204.18.132
60,Thomas,Rangall,trangall1n@macromedia.com,Male,69.30.28.236
61,Gypsy,Muddiman,gmuddiman1o@seattletimes.com,Female,95.214.198.94
62,Hubey,Jahn,hjahn1p@ucoz.com,Agender,127.119.104.41
63,Andrew,Petche,apetche1q@webeden.co.uk,Male,17.68.117.124
64,Burt,Jiroutka,bjiroutka1r@fastcompany.com,Male,96.30.57.173
65,Priscilla,Waeland,pwaeland1s@cnet.com,Female,94.8.128.199
66,Tanny,Chismon,tchismon1t@bbc.co.uk,Male,168.120.128.248
67,Rebe,Martinelli,rmartinelli1u@feedburner.com,Female,98.6.23.230
68,Izaak,Moreton,imoreton1v@geocities.com,Male,26.241.136.120
69,Sibella,Jumont,sjumont1w@quantcast.com,Female,214.167.184.119
70,Mufinella,Gomes,mgomes1x@whitehouse.gov,Female,8.112.210.111
71,Danni,Anstice,danstice1y@pbs.org,Female,203.78.34.191
72,Micheline,Dobsons,mdobsons1z@illinois.edu,Female,31.77.196.193
73,Gilbertina,Lodovichi,glodovichi20@ted.com,Female,94.119.50.95
74,Halli,Dutchburn,hdutchburn21@yale.edu,Genderqueer,228.108.131.210
75,Wilbert,Caughtry,wcaughtry22@taobao.com,Male,54.98.23.178
76,Bibbye,Bycraft,bbycraft23@umn.edu,Female,208.198.106.209
77,Dionisio,Wickens,dwickens24@sun.com,Male,0.19.183.238
78,Bethena,Ofield,bofield25@photobucket.com,Female,208.125.63.228
79,Kirbie,Bebb,kbebb26@ycombinator.com,Female,25.132.222.38
80,Olenka,Etridge,oetridge27@tinypic.com,Female,223.140.106.108
81,Ingemar,Iwaszkiewicz,iiwaszkiewicz28@nytimes.com,Agender,33.205.50.139
82,Francois,Pirelli,fpirelli29@unesco.org,Male,111.181.192.156
83,Ferdinande,O' Byrne,fobyrne2a@shinystat.com,Female,128.95.83.26
84,Ethelda,Agnew,eagnew2b@discuz.net,Female,217.136.122.128
85,Donovan,Pretti,dpretti2c@usa.gov,Male,100.203.242.18
86,Jewel,Barnfather,jbarnfather2d@tripadvisor.com,Female,239.12.253.158
87,Osbourn,Chirm,ochirm2e@google.nl,Male,22.221.20.139
88,Urson,Henzley,uhenzley2f@reverbnation.com,Male,68.251.34.115
89,Damiano,Dudden,ddudden2g@weather.com,Male,225.176.57.132
90,Nani,Pieter,npieter2h@google.co.uk,Female,184.178.54.21
91,Faith,Coping,fcoping2i@woothemes.com,Female,158.173.143.237
92,Amanda,Corrao,acorrao2j@sourceforge.net,Female,49.255.67.167
93,Lurleen,Izak,lizak2k@europa.eu,Female,161.218.50.196
94,Nikolos,Winks,nwinks2l@nih.gov,Male,94.194.48.116
95,Dannie,Erlam,derlam2m@unicef.org,Female,237.54.239.36
96,Goldie,Drexel,gdrexel2n@blogtalkradio.com,Female,244.165.61.226
97,Garvey,Leggett,gleggett2o@tripod.com,Male,174.85.253.67
98,Phelia,McWhirter,pmcwhirter2p@tripadvisor.com,Female,148.24.235.40
99,May,Beed,mbeed2q@edublogs.org,Female,45.251.114.113
100,Raymund,Tebbutt,rtebbutt2r@yelp.com,Male,139.237.185.14
