id,first_name,last_name,email,gender,ip_address
1,Deloria,Goulbourne,dgoulbourne0@chicagotribune.com,Female,51.25.72.223
2,Averil,Cowdray,acowdray1@fotki.com,Female,57.59.26.215
3,Kimmie,Balls,kballs2@dailymail.co.uk,Female,229.44.209.227
4,Glenna,Lafont,glafont3@nps.gov,Female,151.128.250.82
5,Humphrey,Bladge,hbladge4@imageshack.us,Male,92.186.171.199
6,Homer,Paramore,hparamore5@deviantart.com,Male,84.186.141.29
7,Melvyn,Cannaway,mcannaway6@constantcontact.com,Male,206.99.44.30
8,Josefina,Faulkener,jfaulkener7@people.com.cn,Female,225.108.77.227
9,Liliane,Vandenhoff,lvandenhoff8@storify.com,Female,205.59.119.96
10,Christian,Baumert,cbaumert9@oracle.com,Female,232.64.72.190
11,Lloyd,Newick,lnewicka@w3.org,Male,98.177.101.51
12,Nial,Lawtie,nlawtieb@biblegateway.com,Male,113.118.231.29
13,Elijah,Darwent,edarwentc@webnode.com,Male,112.201.200.143
14,Glynis,Littlepage,glittlepaged@usa.gov,Female,41.146.128.156
15,Tad,Tellwright,ttellwrighte@globo.com,Male,12.91.65.65
16,Allene,Parsell,aparsellf@yolasite.com,Female,79.146.196.136
17,Myrtie,Burchall,mburchallg@soundcloud.com,Female,151.85.135.177
18,Dennie,Shepley,dshepleyh@is.gd,Male,27.160.21.53
19,Tonnie,Gargett,tgargetti@ted.com,Male,7.33.56.41
20,Annis,Gotling,agotlingj@merriam-webster.com,Female,52.216.248.159
21,Sharleen,Willcock,swillcockk@census.gov,Female,65.246.238.15
22,Colman,Ablewhite,cablewhitel@weibo.com,Male,52.128.251.25
23,Gibbie,Temperley,gtemperleym@canalblog.com,Male,208.0.148.76
24,Heddi,McDonnell,hmcdonnelln@over-blog.com,Female,114.25.41.111
25,Parry,Aim,paimo@github.io,Male,173.103.191.60
26,Eolande,Idale,eidalep@cmu.edu,Female,8.175.236.218
27,Quintina,Tanby,qtanbyq@marketwatch.com,Female,87.136.62.95
28,Torie,Elsley,telsleyr@liveinternet.ru,Female,170.159.210.220
29,Lois,Lesmonde,llesmondes@pagesperso-orange.fr,Female,226.111.1.52
30,Rosamund,Doughill,rdoughillt@exblog.jp,Agender,62.169.168.138
31,Nicolis,Brixey,nbrixeyu@github.com,Male,142.182.93.193
32,Hurley,Barcroft,hbarcroftv@cafepress.com,Male,217.208.96.192
33,Jonah,Georgiev,jgeorgievw@friendfeed.com,Male,174.6.195.165
34,Wanda,Folonin,wfoloninx@ezinearticles.com,Female,35.223.55.186
35,Althea,Burnand,aburnandy@about.me,Female,114.131.17.144
36,Lutero,Cozins,lcozinsz@123-reg.co.uk,Male,15.168.95.199
37,Rogerio,Fontelles,rfontelles10@imageshack.us,Male,151.25.83.173
38,Mildrid,Sheahan,msheahan11@amazonaws.com,Female,182.36.16.161
39,Allister,Hellwich,ahellwich12@ow.ly,Male,139.16.30.124
40,Antonia,Linnard,alinnard13@ucoz.com,Female,26.98.144.246
41,Dalila,Lincoln,dlincoln14@unesco.org,Genderfluid,177.127.39.154
42,Honoria,Pinkerton,hpinkerton15@so-net.ne.jp,Female,120.170.136.137
43,Chrissy,Woodall,cwoodall16@yellowbook.com,Female,2.221.152.196
44,Allard,Deelay,adeelay17@joomla.org,Male,114.126.136.31
45,Archibold,Sinnat,asinnat18@huffingtonpost.com,Male,31.134.183.142
46,Tabatha,Strettell,tstrettell19@unicef.org,Female,137.220.88.184
47,Geoff,Habgood,ghabgood1a@biblegateway.com,Male,150.106.192.3
48,Jeanna,Emblin,jemblin1b@uiuc.edu,Female,100.35.93.53
49,Vania,Race,vrace1c@chicagotribune.com,Female,195.217.143.130
50,Archer,Napolione,anapolione1d@google.pl,Male,93.253.195.170
51,Moore,Bole,mbole1e@alibaba.com,Male,225.170.226.152
52,Aleta,Crambie,acrambie1f@oracle.com,Female,37.71.120.183
53,Jayme,Bailess,jbailess1g@pen.io,Male,115.229.119.164
54,Montague,Dering,mdering1h@ask.com,Male,128.35.124.153
55,Orelia,Lurcock,olurcock1i@biblegateway.com,Female,204.144.228.75
56,Linc,MacGow,lmacgow1j@nydailynews.com,Male,6.0.137.32
57,Teodora,Ayerst,tayerst1k@posterous.com,Bigender,186.118.157.105
58,Vicky,Jolliff,vjolliff1l@creativecommons.org,Female,171.49.164.111
59,Iver,Saiens,isaiens1m@amazon.co.uk,Male,181.117.4.168
60,Temp,Mesnard,tmesnard1n@clickbank.net,Male,149.100.158.241
61,Blane,Dalglish,bdalglish1o@blogger.com,Male,50.7.151.171
62,Suzie,Witchalls,switchalls1p@buzzfeed.com,Female,143.137.164.9
63,Walker,Niset,wniset1q@ovh.net,Male,130.137.96.208
64,Quentin,Sheahan,qsheahan1r@cnbc.com,Bigender,176.120.225.126
65,Bellanca,Folca,bfolca1s@prlog.org,Female,194.42.181.28
66,Marchelle,Hubbucke,mhubbucke1t@sogou.com,Female,243.52.42.128
67,Hobard,Sweetmore,hsweetmore1u@si.edu,Male,149.164.176.75
68,Shandeigh,Birchwood,sbirchwood1v@linkedin.com,Female,211.0.31.86
69,Bondie,Cuss,bcuss1w@usa.gov,Male,216.184.176.10
70,Shanan,Nashe,snashe1x@hc360.com,Male,243.36.157.32
71,Reid,Glasman,rglasman1y@livejournal.com,Male,15.162.183.115
72,Riordan,Selley,rselley1z@yellowbook.com,Male,90.173.209.113
73,Antonio,Bettlestone,abettlestone20@arizona.edu,Male,129.239.82.117
74,Manolo,Gettings,mgettings21@who.int,Male,216.174.174.189
75,Charmian,Kezar,ckezar22@jiathis.com,Female,213.61.17.56
76,Cris,Dimitriou,cdimitriou23@dell.com,Male,89.31.170.251
77,Michell,Jorger,mjorger24@sohu.com,Female,100.252.120.110
78,Bartel,Luetchford,bluetchford25@biglobe.ne.jp,Male,33.185.11.93
79,Barbette,Kettley,bkettley26@alibaba.com,Female,73.88.190.219
80,Traver,Cotmore,tcotmore27@over-blog.com,Male,244.238.127.44
81,Guillemette,Makiver,gmakiver28@squidoo.com,Female,164.195.22.99
82,Modestine,Mahy,mmahy29@oaic.gov.au,Female,214.125.132.32
83,Eugine,Selly,eselly2a@naver.com,Female,200.9.128.92
84,Breena,Lusk,blusk2b@vk.com,Female,2.35.190.203
85,Emlyn,Robion,erobion2c@booking.com,Male,134.67.191.196
86,Katrina,Probet,kprobet2d@dion.ne.jp,Female,128.57.87.118
87,Lovell,Sprade,lsprade2e@webmd.com,Male,133.2.159.50
88,Catlin,Dalliston,cdalliston2f@xinhuanet.com,Female,119.62.215.132
89,Durand,Guidetti,dguidetti2g@macromedia.com,Male,46.30.245.138
90,Jeni,Wimbush,jwimbush2h@youtube.com,Female,91.184.34.167
91,Anica,Plum,aplum2i@wisc.edu,Female,67.126.109.109
92,Renee,Drexel,rdrexel2j@ucsd.edu,Female,133.174.57.109
93,Hirsch,Mann,hmann2k@trellian.com,Male,129.199.21.62
94,Zacharia,Cluckie,zcluckie2l@themeforest.net,Agender,90.122.60.107
95,Aloisia,Sodor,asodor2m@tamu.edu,Female,170.81.16.81
96,Blanch,Dobie,bdobie2n@economist.com,Female,38.64.62.241
97,Maurise,Conley,mconley2o@fc2.com,Male,46.17.104.248
98,Kyla,Vaggs,kvaggs2p@kickstarter.com,Female,95.182.73.91
99,Kelcey,Applewhite,kapplewhite2q@gizmodo.com,Female,110.32.226.52
100,Aundrea,Witcherley,awitcherley2r@prweb.com,Female,238.185.255.42
