id,first_name,last_name,email,gender,ip_address
201,Nikolia,Giraudeau,ngiraudeau0@delicious.com,Genderfluid,78.222.232.72
202,Melanie,Dioniso,mdioniso1@google.nl,Female,232.28.237.29
203,Forester,Bewshea,fbewshea2@acquirethisname.com,Male,29.90.184.206
204,Duff,Dorie,ddorie3@ow.ly,Male,194.84.58.169
205,Tiff,Droogan,tdroogan4@army.mil,Female,141.184.190.14
206,Tyrone,D'eathe,tdeathe5@netlog.com,Male,29.170.141.108
207,Catherine,Fidgin,cfidgin6@friendfeed.com,Female,233.42.91.27
208,Florence,Vedeneev,fvedeneev7@harvard.edu,Non-binary,233.244.136.205
209,Auroora,Endon,aendon8@multiply.com,Female,193.229.200.83
210,Clarita,Ruddin,cruddin9@canalblog.com,Female,128.210.79.197
211,Dav,Paterno,dpaternoa@illinois.edu,Male,248.41.51.158
212,Christoph,Burrell,cburrellb@furl.net,Male,119.35.5.97
213,Carley,Cello,ccelloc@tripod.com,Female,190.180.184.206
214,Roosevelt,Skirven,rskirvend@mayoclinic.com,Male,110.203.180.171
215,Sanford,Seignior,sseigniore@so-net.ne.jp,Male,218.59.53.108
216,Dulcine,Tylor,dtylorf@sakura.ne.jp,Female,136.73.198.12
217,Cecilius,Winspare,cwinspareg@yahoo.co.jp,Male,117.142.6.73
218,Ciro,Tegeller,ctegellerh@github.io,Male,78.244.108.151
219,Emera,Harback,eharbacki@nydailynews.com,Female,102.58.47.176
220,Meggy,Hawk,mhawkj@nps.gov,Female,174.240.9.165
221,Marin,Wiffler,mwifflerk@chronoengine.com,Female,119.25.78.228
222,Doyle,Yakov,dyakovl@1und1.de,Male,35.255.138.226
223,Cornie,Safell,csafellm@senate.gov,Male,69.43.207.209
224,Janette,Meynell,jmeynelln@spotify.com,Female,210.53.214.249
225,Lacey,Antram,lantramo@sakura.ne.jp,Female,39.31.47.200
226,Roderigo,St Ledger,rstledgerp@slideshare.net,Male,133.122.101.196
227,Allistir,Wiffen,awiffenq@oakley.com,Male,89.72.91.142
228,Abby,Goldes,agoldesr@merriam-webster.com,Polygender,118.49.11.90
229,Laird,Antczak,lantczaks@cbsnews.com,Male,123.154.104.4
230,Cornie,Cockshtt,ccockshttt@ucla.edu,Male,24.202.191.131
231,Daffy,Paye,dpayeu@opensource.org,Female,58.220.150.230
232,Godard,Fontel,gfontelv@dell.com,Male,141.102.215.47
233,Lanie,Ollerton,lollertonw@census.gov,Female,61.54.40.138
234,Kelcey,Barabisch,kbarabischx@omniture.com,Female,129.242.46.27
235,Benn,Gooderidge,bgooderidgey@pagesperso-orange.fr,Male,81.14.214.39
236,Waldon,Calven,wcalvenz@qq.com,Male,195.175.237.20
237,Alvin,Gavrieli,agavrieli10@lulu.com,Male,224.184.218.90
238,Juli,Kas,jkas11@fastcompany.com,Female,134.243.114.101
239,Rooney,Dargie,rdargie12@epa.gov,Male,132.4.103.123
240,Rubie,Boolsen,rboolsen13@yale.edu,Female,233.6.249.123
241,Jed,Kisbee,jkisbee14@mapquest.com,Male,229.150.211.151
242,Tannie,Scamerdine,tscamerdine15@miitbeian.gov.cn,Male,184.65.94.148
243,Wittie,Youens,wyouens16@symantec.com,Male,240.221.139.83
244,Enos,Semper,esemper17@indiatimes.com,Male,57.122.187.61
245,Ingeborg,Stothert,istothert18@acquirethisname.com,Female,198.184.8.217
246,Marybelle,Slemming,mslemming19@cbc.ca,Female,39.184.44.92
247,Ricky,Loxton,rloxton1a@eventbrite.com,Male,200.161.69.11
248,Kirbee,Rodliff,krodliff1b@uol.com.br,Female,73.44.0.174
249,Dena,Mandre,dmandre1c@chronoengine.com,Female,244.207.23.50
250,Keriann,Andriesse,kandriesse1d@last.fm,Female,156.248.146.156
251,Averell,Methley,amethley1e@e-recht24.de,Male,62.179.132.252
252,Herminia,Keppie,hkeppie1f@abc.net.au,Female,57.109.198.248
253,Cordi,Parysowna,cparysowna1g@tmall.com,Female,122.0.220.54
254,Omar,Legen,olegen1h@shutterfly.com,Polygender,33.181.30.151
255,Art,Gallen,agallen1i@tamu.edu,Male,190.40.152.175
256,Chevy,Blowers,cblowers1j@trellian.com,Male,220.81.43.232
257,Elijah,Kilford,ekilford1k@yahoo.com,Male,79.149.235.147
258,Derrick,Spadazzi,dspadazzi1l@hibu.com,Male,111.143.23.183
259,Yevette,Mushet,ymushet1m@goodreads.com,Female,18.141.31.21
260,Idalia,Pethrick,ipethrick1n@admin.ch,Female,194.58.161.126
261,Antons,Went,awent1o@ox.ac.uk,Male,242.187.141.158
262,Nissie,Skoggins,nskoggins1p@elegantthemes.com,Female,25.66.213.151
263,Catrina,Maytum,cmaytum1q@themeforest.net,Female,37.117.138.37
264,Andeee,De Pero,adepero1r@seesaa.net,Female,254.19.158.197
265,Kris,Messier,kmessier1s@uiuc.edu,Female,221.238.233.137
266,Marys,Netherclift,mnetherclift1t@storify.com,Female,188.197.132.13
267,Matt,Pleat,mpleat1u@cargocollective.com,Male,176.145.194.242
268,Boone,Mohring,bmohring1v@nba.com,Male,153.33.248.190
269,Tedi,Newvill,tnewvill1w@people.com.cn,Female,22.54.226.204
270,Steffen,Hamilton,shamilton1x@aol.com,Male,121.162.102.23
271,Cosimo,Berk,cberk1y@amazon.co.jp,Male,145.139.248.94
272,Harlene,Rappport,hrappport1z@senate.gov,Female,71.212.188.45
273,Felicity,Scotchmore,fscotchmore20@geocities.com,Female,27.246.54.124
274,Tadio,Grime,tgrime21@sun.com,Male,211.173.5.126
275,Urbanus,Galland,ugalland22@imageshack.us,Male,165.175.162.64
276,Anabella,Phelip,aphelip23@ibm.com,Female,12.113.3.97
277,Laverne,Dunridge,ldunridge24@vkontakte.ru,Female,133.127.10.3
278,Cami,Banat,cbanat25@guardian.co.uk,Female,27.191.248.5
279,Jeniece,Curless,jcurless26@cargocollective.com,Female,97.184.204.90
280,Lark,Felix,lfelix27@4shared.com,Female,140.59.96.40
281,Charlean,Benedicto,cbenedicto28@opera.com,Female,160.229.219.114
282,Katlin,Grigorushkin,kgrigorushkin29@goo.ne.jp,Female,67.9.176.90
283,Abel,Winsiowiecki,awinsiowiecki2a@hostgator.com,Male,234.120.6.89
284,Barbara-anne,Tutton,btutton2b@bloglovin.com,Female,93.201.233.147
285,Ellissa,Gentery,egentery2c@dailymail.co.uk,Female,167.71.18.187
286,Wallas,McKirdy,wmckirdy2d@wsj.com,Male,236.95.116.142
287,Hakim,Rothert,hrothert2e@virginia.edu,Male,50.106.117.63
288,Jeri,Heindrich,jheindrich2f@google.pl,Female,34.165.168.95
289,Nicki,Paley,npaley2g@dagondesign.com,Female,39.190.88.212
290,Phil,Caze,pcaze2h@creativecommons.org,Male,111.85.34.73
291,Courtnay,Cogswell,ccogswell2i@etsy.com,Female,177.133.218.2
292,Tasia,Lanaway,tlanaway2j@princeton.edu,Female,218.22.26.92
293,Balduin,Garlant,bgarlant2k@pinterest.com,Male,47.156.211.166
294,Prudence,Andrat,pandrat2l@163.com,Female,7.76.69.235
295,Mireielle,Colgan,mcolgan2m@timesonline.co.uk,Female,155.42.254.243
296,Dukie,Guillem,dguillem2n@sakura.ne.jp,Genderqueer,143.179.206.213
297,Freddie,Liversley,fliversley2o@ovh.net,Male,150.108.188.128
298,Vivyanne,Blakiston,vblakiston2p@netlog.com,Female,31.112.19.132
299,Dougie,Hiddersley,dhiddersley2q@fema.gov,Male,150.35.232.80
300,Stace,Fairham,sfairham2r@home.pl,Female,145.41.150.77
