id,first_name,last_name,email,gender,ip_address
101,Hilliard,Winterbourne,hwinterbourne0@51.la,Male,51.41.133.9
102,Price,Sinnocke,psinnocke1@chronoengine.com,Male,44.233.83.154
103,Libbey,Waison,lwaison2@ucoz.ru,Genderqueer,99.146.250.203
104,Dusty,Nursey,dnursey3@elegantthemes.com,Female,143.147.52.161
105,Darby,Trawin,dtrawin4@samsung.com,Male,71.32.172.20
106,Priscilla,Coysh,pcoysh5@mayoclinic.com,Female,30.212.236.161
107,Mercy,Ryding,mryding6@slate.com,Female,166.67.155.40
108,Marni,Zambonini,mzambonini7@deviantart.com,Female,150.1.241.225
109,Selie,Aspenlon,saspenlon8@forbes.com,Female,82.198.9.63
110,Damara,Risborough,drisborough9@free.fr,Genderfluid,5.194.248.80
111,Honor,Skim,hskima@livejournal.com,Female,162.83.38.15
112,Carlynn,Callaghan,ccallaghanb@shinystat.com,Bigender,95.158.44.49
113,Dane,Bedford,dbedfordc@arizona.edu,Male,8.122.172.134
114,Godwin,Bigglestone,gbigglestoned@auda.org.au,Genderfluid,155.167.59.158
115,Willetta,Iacovelli,wiacovellie@imdb.com,Female,158.105.38.235
116,Tybi,Avramovsky,tavramovskyf@accuweather.com,Polygender,192.226.13.132
117,Lilla,Eneas,leneasg@gravatar.com,Female,14.25.66.50
118,Nola,Ecob,necobh@sun.com,Bigender,41.111.162.1
119,Gwenora,Sahnow,gsahnowi@addthis.com,Female,129.255.155.59
120,Hesther,Benford,hbenfordj@discuz.net,Genderfluid,13.248.246.176
121,Dore,Royle,droylek@washingtonpost.com,Male,166.72.123.15
122,Emilio,Rowlin,erowlinl@dell.com,Male,203.179.253.193
123,Shir,Pierce,spiercem@parallels.com,Female,154.255.89.243
124,Dalton,Eddow,deddown@skype.com,Male,58.11.25.113
125,Willamina,Norrey,wnorreyo@sbwire.com,Female,109.95.201.192
126,Timothy,Dudley,tdudleyp@studiopress.com,Male,232.190.83.139
127,Rosabel,Blofeld,rblofeldq@stumbleupon.com,Female,174.71.45.245
128,Alecia,Rattenbury,arattenburyr@diigo.com,Female,147.121.85.7
129,Mariann,Monahan,mmonahans@ftc.gov,Female,43.55.230.12
130,See,Bysshe,sbysshet@blogtalkradio.com,Male,219.106.97.201
131,Blinny,Guswell,bguswellu@flickr.com,Female,190.26.206.91
132,Steffi,Quodling,squodlingv@blogtalkradio.com,Female,228.161.40.0
133,Theadora,Ajean,tajeanw@cargocollective.com,Female,5.120.29.24
134,Alexandro,Thorouggood,athorouggoodx@cornell.edu,Male,189.229.16.211
135,Dela,Glide,dglidey@dell.com,Female,217.187.6.101
136,Rosemonde,Bellard,rbellardz@furl.net,Female,7.39.241.23
137,Jeniece,Venny,jvenny10@edublogs.org,Female,182.236.224.120
138,Hurlee,Yakubovics,hyakubovics11@reverbnation.com,Male,40.68.96.6
139,Danya,Gavahan,dgavahan12@joomla.org,Female,226.3.169.23
140,Doria,Allan,dallan13@answers.com,Female,113.95.255.79
141,Gal,Barkworth,gbarkworth14@phoca.cz,Male,152.203.116.166
142,Lotta,Kryszka,lkryszka15@deviantart.com,Female,63.108.168.239
143,Elisabet,Samsonsen,esamsonsen16@wsj.com,Female,49.2.30.221
144,Randa,Pirot,rpirot17@nytimes.com,Female,205.9.102.227
145,Valene,Sabatini,vsabatini18@techcrunch.com,Female,76.176.121.68
146,Cad,Wield,cwield19@plala.or.jp,Male,20.105.129.41
147,Albrecht,Rizzardini,arizzardini1a@youku.com,Male,196.202.22.162
148,Craig,Farn,cfarn1b@hud.gov,Male,95.68.61.222
149,Christoforo,Cavet,ccavet1c@spiegel.de,Male,58.137.166.40
150,Cherianne,Instock,cinstock1d@indiatimes.com,Female,183.146.125.240
151,Jeromy,Kilalea,jkilalea1e@booking.com,Male,207.124.87.168
152,Kassie,Stanesby,kstanesby1f@google.es,Female,100.22.168.153
153,Connie,Stonelake,cstonelake1g@addtoany.com,Female,63.198.160.164
154,Hartley,Hearmon,hhearmon1h@eepurl.com,Male,68.40.15.51
155,Lucie,O' Brian,lobrian1i@bravesites.com,Agender,2.45.162.95
156,Gavan,Rasell,grasell1j@noaa.gov,Male,232.173.151.121
157,Marja,Humpherston,mhumpherston1k@indiegogo.com,Female,92.28.38.1
158,Margo,Osant,mosant1l@yellowpages.com,Female,194.158.218.24
159,Pincas,Causier,pcausier1m@trellian.com,Male,231.14.144.238
160,Sheelah,Robshaw,srobshaw1n@lycos.com,Female,236.34.4.53
161,Fabio,Crebott,fcrebott1o@google.pl,Male,138.136.162.158
162,Odell,Petrusch,opetrusch1p@digg.com,Male,190.126.19.164
163,Osmond,Redrup,oredrup1q@imdb.com,Polygender,72.13.17.209
164,Olivier,Keaveny,okeaveny1r@newyorker.com,Male,210.137.136.243
165,Lu,Shuxsmith,lshuxsmith1s@harvard.edu,Female,225.152.72.65
166,Kelcy,Mowsdill,kmowsdill1t@weather.com,Female,88.56.24.66
167,Papagena,Bywater,pbywater1u@census.gov,Female,156.69.148.164
168,Shalna,McGiff,smcgiff1v@reference.com,Female,29.215.228.121
169,Lindy,Fagg,lfagg1w@yellowpages.com,Male,93.14.210.189
170,Jana,By,jby1x@wikispaces.com,Polygender,51.73.43.81
171,Haslett,Lunk,hlunk1y@nhs.uk,Agender,58.151.250.147
172,Sarita,Dimic,sdimic1z@amazon.de,Female,170.166.168.142
173,Bradford,Peltzer,bpeltzer20@npr.org,Male,145.112.140.6
174,Roland,Caudrey,rcaudrey21@ycombinator.com,Male,77.217.213.222
175,Carlos,Vanin,cvanin22@360.cn,Male,33.213.150.64
176,Mildrid,Shilleto,mshilleto23@usatoday.com,Female,225.1.6.5
177,Job,Perrygo,jperrygo24@cyberchimps.com,Male,64.212.36.188
178,Melisenda,Fernanando,mfernanando25@unesco.org,Female,1.155.186.169
179,Lara,Burborough,lburborough26@last.fm,Female,96.143.220.94
180,Bekki,Marchant,bmarchant27@blog.com,Female,211.223.26.67
181,Toddy,Antonias,tantonias28@xinhuanet.com,Male,226.136.113.53
182,Kassie,Shouler,kshouler29@nydailynews.com,Female,251.66.28.132
183,Berk,Lamar,blamar2a@sourceforge.net,Male,178.156.75.7
184,Bride,Seares,bseares2b@opera.com,Female,151.177.132.222
185,Hardy,Lethabridge,hlethabridge2c@chicagotribune.com,Male,148.160.77.113
186,Carly,Switzer,cswitzer2d@skyrock.com,Genderqueer,181.17.192.216
187,Tyler,Slucock,tslucock2e@tiny.cc,Male,72.242.129.241
188,Ashbey,Toopin,atoopin2f@chicagotribune.com,Male,59.115.203.17
189,Starlin,Marzele,smarzele2g@nyu.edu,Female,14.140.79.255
190,Clive,Entwistle,centwistle2h@virginia.edu,Male,48.147.101.131
191,Rahal,Tudor,rtudor2i@last.fm,Female,223.90.100.56
192,Ab,Fines,afines2j@multiply.com,Male,116.89.21.33
193,Renault,Giovanazzi,rgiovanazzi2k@europa.eu,Male,145.61.23.41
194,Janna,Cawdron,jcawdron2l@biblegateway.com,Female,179.218.118.139
195,Cirstoforo,Eshelby,ceshelby2m@mapquest.com,Male,138.75.160.117
196,Englebert,Prozescky,eprozescky2n@smh.com.au,Male,196.47.67.23
197,Annetta,Christophle,achristophle2o@yahoo.com,Female,147.230.19.15
198,Joseito,Stirman,jstirman2p@indiegogo.com,Male,135.97.102.219
199,Alejandro,Lillee,alillee2q@alibaba.com,Male,84.157.111.71
200,Brit,Duckitt,bduckitt2r@ameblo.jp,Male,172.116.143.228
